{
  "luis_schema_version": "7.0.0",
  "intents": [
    {
      "name": "Greeting",
      "features": []
    },
    {
      "name": "None",
      "features": []
    },
    {
      "name": "OrderPic",
      "features": []
    },
    {
      "name": "SearchPic",
      "features": []
    },
    {
      "name": "SharePic",
      "features": []
    }
  ],
  "entities": [
    {
      "name": "facet",
      "children": [],
      "roles": [],
      "features": []
    }
  ],
  "hierarchicals": [],
  "composites": [],
  "closedLists": [],
  "prebuiltEntities": [],
  "utterances": [
    {
      "text": "are there pictures of a train?",
      "intent": "SearchPic",
      "entities": [
        {
          "entity": "facet",
          "startPos": 24,
          "endPos": 29,
          "children": []
        }
      ]
    },
    {
      "text": "can i get an 8x10 of that one?",
      "intent": "OrderPic",
      "entities": []
    },
    {
      "text": "can you tweet that?",
      "intent": "SharePic",
      "entities": []
    },
    {
      "text": "find outdoor pics",
      "intent": "SearchPic",
      "entities": [
        {
          "entity": "facet",
          "startPos": 5,
          "endPos": 12,
          "children": []
        }
      ]
    },
    {
      "text": "find pictures of food",
      "intent": "SearchPic",
      "entities": [
        {
          "entity": "facet",
          "startPos": 17,
          "endPos": 20,
          "children": []
        }
      ]
    },
    {
      "text": "find pictures of german shepherds",
      "intent": "SearchPic",
      "entities": [
        {
          "entity": "facet",
          "startPos": 17,
          "endPos": 32,
          "children": []
        }
      ]
    },
    {
      "text": "give me colorful pictures",
      "intent": "SearchPic",
      "entities": [
        {
          "entity": "facet",
          "startPos": 8,
          "endPos": 16,
          "children": []
        }
      ]
    },
    {
      "text": "greetings",
      "intent": "Greeting",
      "entities": []
    },
    {
      "text": "hey",
      "intent": "Greeting",
      "entities": []
    },
    {
      "text": "hi",
      "intent": "Greeting",
      "entities": []
    },
    {
      "text": "hola",
      "intent": "Greeting",
      "entities": []
    },
    {
      "text": "i want to find dog photos",
      "intent": "SearchPic",
      "entities": [
        {
          "entity": "facet",
          "startPos": 15,
          "endPos": 18,
          "children": []
        }
      ]
    },
    {
      "text": "i want to see pics of smiling people",
      "intent": "SearchPic",
      "entities": [
        {
          "entity": "facet",
          "startPos": 22,
          "endPos": 35,
          "children": []
        }
      ]
    },
    {
      "text": "i would like to order prints",
      "intent": "OrderPic",
      "entities": []
    },
    {
      "text": "i'm hungry for pizza",
      "intent": "None",
      "entities": []
    },
    {
      "text": "order wallets",
      "intent": "OrderPic",
      "entities": []
    },
    {
      "text": "post to twitter",
      "intent": "SharePic",
      "entities": []
    },
    {
      "text": "print this picture",
      "intent": "OrderPic",
      "entities": []
    },
    {
      "text": "search for photos of boys playing",
      "intent": "SearchPic",
      "entities": [
        {
          "entity": "facet",
          "startPos": 21,
          "endPos": 32,
          "children": []
        }
      ]
    },
    {
      "text": "search for pictures of men indoors",
      "intent": "SearchPic",
      "entities": [
        {
          "entity": "facet",
          "startPos": 23,
          "endPos": 33,
          "children": []
        }
      ]
    },
    {
      "text": "search videos",
      "intent": "None",
      "entities": []
    },
    {
      "text": "share this pic",
      "intent": "SharePic",
      "entities": []
    },
    {
      "text": "show me baby pics",
      "intent": "SearchPic",
      "entities": [
        {
          "entity": "facet",
          "startPos": 8,
          "endPos": 12,
          "children": []
        }
      ]
    },
    {
      "text": "show me beach pics",
      "intent": "SearchPic",
      "entities": [
        {
          "entity": "facet",
          "startPos": 8,
          "endPos": 13,
          "children": []
        }
      ]
    },
    {
      "text": "show me how to drive a car",
      "intent": "None",
      "entities": []
    },
    {
      "text": "show me pictures of men wearing glasses",
      "intent": "SearchPic",
      "entities": [
        {
          "entity": "facet",
          "startPos": 20,
          "endPos": 38,
          "children": []
        }
      ]
    },
    {
      "text": "yo",
      "intent": "Greeting",
      "entities": []
    }
  ],
  "versionId": "0.1",
  "name": "PicBot-One 06/29/2020 18:12:46",
  "desc": "PicBot LUIS app built with LUIS .NET SDK.",
  "culture": "en-us",
  "tokenizerVersion": "1.0.0",
  "patternAnyEntities": [],
  "regex_entities": [],
  "phraselists": [],
  "regex_features": [],
  "patterns": [],
  "settings": []
}